﻿Nom,Priority,Responsable dev,Sprint,Statut
Charte graphique,p2,Designer UX/UI,Sprint 1,En cours
Landing non connectée,p1(urgent),front end,,À faire
Création de Menu,p1(urgent),"Designer UX/UI, back end",Sprint 3,À faire
Style de menu,p1(urgent),Designer UX/UI,Sprint 1,Fait
"Menu Précèdent ",p1(urgent),front end,Sprint 2,En cours
Personnaliser un Menu,p1(urgent),"back end, front end",Sprint 3,À faire
Diffuser un Menu,p2,"back end, front end",Sprint 3,À faire
Informations légales,p2,front end,Sprint 1,À faire
Tarifs,p2,"back end, front end",Sprint 2,À faire
Dashbord,p2,front end,Sprint 1,À faire
Branding restaurateur,p2,"back end, front end",Sprint 3,À faire
Page Login,p1(urgent),"Designer UX/UI, front end",Sprint 1,En cours
Impression du Menu,p2,front end,Sprint 3,En cours
Deconnexion,p2,back end,Sprint 2,À faire
Informations utilisateurs,p2,back end,Sprint 2,À faire
Créer le repository avec la structure de base,p1(urgent),"back end, front end",Sprint 1,En cours